{"_runtime":7795.510789082,"_timestamp":1.7692058482180746e+09,"_step":4,"train_loss":-0.7821,"val_loss":-0.7915,"_wandb":{"runtime":7795}}